date,home_team,away_team,favourite,prob,picked,win
2026-09-09,Seahawks,Patriots,Seahawks,0.0000,,
2026-09-10,Rams,49ers,Rams,0.0000,,
2026-09-13,Bengals,Buccaneers,Bengals,0.0000,,
2026-09-13,Chargers,Cardinals,Chargers,0.0000,,
2026-09-13,Colts,Ravens,Colts,0.0000,,
2026-09-13,Eagles,Commanders,Eagles,0.0000,,
2026-09-13,Giants,Cowboys,Giants,0.0000,,
2026-09-13,Jaguars,Browns,Jaguars,0.0000,,
2026-09-13,Lions,Saints,Lions,0.0000,,
2026-09-13,Panthers,Bears,Panthers,0.0000,,
2026-09-13,Raiders,Dolphins,Raiders,0.0000,,
2026-09-13,Steelers,Falcons,Steelers,0.0000,,
2026-09-13,Texans,Bills,Texans,0.0000,,
2026-09-13,Titans,Jets,Titans,0.0000,,
2026-09-13,Vikings,Packers,Vikings,0.0000,,
2026-09-14,Chiefs,Broncos,Chiefs,0.0000,,
2026-09-17,Bills,Lions,Bills,0.0000,,
2026-09-20,49ers,Dolphins,49ers,0.0000,,
2026-09-20,Bears,Vikings,Bears,0.0000,,
2026-09-20,Broncos,Jaguars,Broncos,0.0000,,
2026-09-20,Buccaneers,Browns,Buccaneers,0.0000,,
2026-09-20,Cardinals,Seahawks,Cardinals,0.0000,,
2026-09-20,Chargers,Raiders,Chargers,0.0000,,
2026-09-20,Chiefs,Colts,Chiefs,0.0000,,
2026-09-20,Cowboys,Commanders,Cowboys,0.0000,,
2026-09-20,Falcons,Panthers,Falcons,0.0000,,
2026-09-20,Jets,Packers,Jets,0.0000,,
2026-09-20,Patriots,Steelers,Patriots,0.0000,,
2026-09-20,Ravens,Saints,Ravens,0.0000,,
2026-09-20,Texans,Bengals,Texans,0.0000,,
2026-09-20,Titans,Eagles,Titans,0.0000,,
2026-09-21,Rams,Giants,Rams,0.0000,,
2026-09-24,Packers,Falcons,Packers,0.0000,,
2026-09-27,49ers,Cardinals,49ers,0.0000,,
2026-09-27,Bills,Chargers,Bills,0.0000,,
2026-09-27,Broncos,Rams,Broncos,0.0000,,
2026-09-27,Browns,Panthers,Browns,0.0000,,
2026-09-27,Buccaneers,Vikings,Buccaneers,0.0000,,
2026-09-27,Colts,Texans,Colts,0.0000,,
2026-09-27,Commanders,Seahawks,Commanders,0.0000,,
2026-09-27,Cowboys,Ravens,Cowboys,0.0000,,
2026-09-27,Dolphins,Chiefs,Dolphins,0.0000,,
2026-09-27,Giants,Titans,Giants,0.0000,,
2026-09-27,Jaguars,Patriots,Jaguars,0.0000,,
2026-09-27,Lions,Jets,Lions,0.0000,,
2026-09-27,Saints,Raiders,Saints,0.0000,,
2026-09-27,Steelers,Bengals,Steelers,0.0000,,
2026-09-28,Bears,Eagles,Bears,0.0000,,
2026-10-01,Browns,Steelers,Browns,0.0000,,
2026-10-04,49ers,Broncos,49ers,0.0000,,
2026-10-04,Bears,Jets,Bears,0.0000,,
2026-10-04,Bengals,Jaguars,Bengals,0.0000,,
2026-10-04,Bills,Patriots,Bills,0.0000,,
2026-10-04,Buccaneers,Packers,Buccaneers,0.0000,,
2026-10-04,Commanders,Colts,Commanders,0.0000,,
2026-10-04,Eagles,Rams,Eagles,0.0000,,
2026-10-04,Giants,Cardinals,Giants,0.0000,,
2026-10-04,Panthers,Lions,Panthers,0.0000,,
2026-10-04,Raiders,Chiefs,Raiders,0.0000,,
2026-10-04,Ravens,Titans,Ravens,0.0000,,
2026-10-04,Seahawks,Chargers,Seahawks,0.0000,,
2026-10-04,Texans,Cowboys,Texans,0.0000,,
2026-10-04,Vikings,Dolphins,Vikings,0.0000,,
2026-10-05,Saints,Falcons,Saints,0.0000,,
2026-10-08,Cowboys,Buccaneers,Cowboys,0.0000,,
2026-10-11,Cardinals,Lions,Cardinals,0.0000,,
2026-10-11,Chargers,Broncos,Chargers,0.0000,,
2026-10-11,Commanders,Giants,Commanders,0.0000,,
2026-10-11,Dolphins,Bengals,Dolphins,0.0000,,
2026-10-11,Falcons,Ravens,Falcons,0.0000,,
2026-10-11,Jaguars,Eagles,Jaguars,0.0000,,
2026-10-11,Jets,Browns,Jets,0.0000,,
2026-10-11,Packers,Bears,Packers,0.0000,,
2026-10-11,Patriots,Raiders,Patriots,0.0000,,
2026-10-11,Saints,Vikings,Saints,0.0000,,
2026-10-11,Seahawks,49ers,Seahawks,0.0000,,
2026-10-11,Steelers,Colts,Steelers,0.0000,,
2026-10-11,Titans,Texans,Titans,0.0000,,
2026-10-12,Rams,Bills,Rams,0.0000,,
2026-10-15,Broncos,Seahawks,Broncos,0.0000,,
2026-10-18,Browns,Ravens,Browns,0.0000,,
2026-10-18,Buccaneers,Steelers,Buccaneers,0.0000,,
2026-10-18,Chiefs,Chargers,Chiefs,0.0000,,
2026-10-18,Colts,Titans,Colts,0.0000,,
2026-10-18,Eagles,Panthers,Eagles,0.0000,,
2026-10-18,Falcons,Bears,Falcons,0.0000,,
2026-10-18,Giants,Saints,Giants,0.0000,,
2026-10-18,Jaguars,Texans,Jaguars,0.0000,,
2026-10-18,Packers,Cowboys,Packers,0.0000,,
2026-10-18,Patriots,Jets,Patriots,0.0000,,
2026-10-18,Raiders,Bills,Raiders,0.0000,,
2026-10-18,Rams,Cardinals,Rams,0.0000,,
2026-10-19,49ers,Commanders,49ers,0.0000,,
2026-11-05,Ravens,Jaguars,Ravens,0.0000,,
2026-11-08,49ers,Raiders,49ers,0.0000,,
2026-11-08,Bears,Buccaneers,Bears,0.0000,,
2026-11-08,Chargers,Texans,Chargers,0.0000,,
2026-11-08,Chiefs,Jets,Chiefs,0.0000,,
2026-11-08,Colts,Cowboys,Colts,0.0000,,
2026-11-08,Commanders,Rams,Commanders,0.0000,,
2026-11-08,Dolphins,Lions,Dolphins,0.0000,,
2026-11-08,Eagles,Giants,Eagles,0.0000,,
2026-11-08,Falcons,Bengals,Falcons,0.0000,,
2026-11-08,Panthers,Broncos,Panthers,0.0000,,
2026-11-08,Patriots,Packers,Patriots,0.0000,,
2026-11-08,Saints,Browns,Saints,0.0000,,
2026-11-08,Seahawks,Cardinals,Seahawks,0.0000,,
2026-11-09,Vikings,Bills,Vikings,0.0000,,
2026-11-12,Giants,Commanders,Giants,0.0000,,
2026-11-15,Bengals,Steelers,Bengals,0.0000,,
2026-11-15,Browns,Texans,Browns,0.0000,,
2026-11-15,Cardinals,Rams,Cardinals,0.0000,,
2026-11-15,Colts,Dolphins,Colts,0.0000,,
2026-11-15,Cowboys,49ers,Cowboys,0.0000,,
2026-11-15,Falcons,Chiefs,Falcons,0.0000,,
2026-11-15,Jets,Bills,Jets,0.0000,,
2026-11-15,Lions,Patriots,Lions,0.0000,,
2026-11-15,Packers,Vikings,Packers,0.0000,,
2026-11-15,Raiders,Seahawks,Raiders,0.0000,,
2026-11-15,Saints,Panthers,Saints,0.0000,,
2026-11-15,Titans,Jaguars,Titans,0.0000,,
2026-11-16,Ravens,Chargers,Ravens,0.0000,,
2026-11-19,Texans,Colts,Texans,0.0000,,
2026-11-22,49ers,Vikings,49ers,0.0000,,
2026-11-22,Bears,Saints,Bears,0.0000,,
2026-11-22,Bills,Dolphins,Bills,0.0000,,
2026-11-22,Broncos,Raiders,Broncos,0.0000,,
2026-11-22,Chargers,Jets,Chargers,0.0000,,
2026-11-22,Chiefs,Cardinals,Chiefs,0.0000,,
2026-11-22,Cowboys,Titans,Cowboys,0.0000,,
2026-11-22,Eagles,Steelers,Eagles,0.0000,,
2026-11-22,Giants,Jaguars,Giants,0.0000,,
2026-11-22,Lions,Buccaneers,Lions,0.0000,,
2026-11-22,Panthers,Ravens,Panthers,0.0000,,
2026-11-23,Commanders,Bengals,Commanders,0.0000,,
2026-11-25,Rams,Packers,Rams,0.0000,,
2026-11-26,Bills,Chiefs,Bills,0.0000,,
2026-11-26,Cowboys,Eagles,Cowboys,0.0000,,
2026-11-26,Lions,Bears,Lions,0.0000,,
2026-11-27,Steelers,Broncos,Steelers,0.0000,,
2026-11-29,49ers,Seahawks,49ers,0.0000,,
2026-11-29,Bengals,Saints,Bengals,0.0000,,
2026-11-29,Browns,Raiders,Browns,0.0000,,
2026-11-29,Cardinals,Commanders,Cardinals,0.0000,,
2026-11-29,Chargers,Patriots,Chargers,0.0000,,
2026-11-29,Colts,Giants,Colts,0.0000,,
2026-11-29,Dolphins,Jets,Dolphins,0.0000,,
2026-11-29,Jaguars,Titans,Jaguars,0.0000,,
2026-11-29,Texans,Ravens,Texans,0.0000,,
2026-11-29,Vikings,Falcons,Vikings,0.0000,,
2026-11-30,Buccaneers,Panthers,Buccaneers,0.0000,,
2026-12-03,Rams,Chiefs,Rams,0.0000,,
2026-12-06,Bears,Jaguars,Bears,0.0000,,
2026-12-06,Broncos,Dolphins,Broncos,0.0000,,
2026-12-06,Browns,Bengals,Browns,0.0000,,
2026-12-06,Buccaneers,Chargers,Buccaneers,0.0000,,
2026-12-06,Cardinals,Eagles,Cardinals,0.0000,,
2026-12-06,Falcons,Lions,Falcons,0.0000,,
2026-12-06,Giants,49ers,Giants,0.0000,,
2026-12-06,Patriots,Bills,Patriots,0.0000,,
2026-12-06,Saints,Packers,Saints,0.0000,,
2026-12-06,Steelers,Texans,Steelers,0.0000,,
2026-12-06,Titans,Commanders,Titans,0.0000,,
2026-12-06,Vikings,Panthers,Vikings,0.0000,,
2026-12-07,Seahawks,Cowboys,Seahawks,0.0000,,
2026-12-10,Patriots,Vikings,Patriots,0.0000,,
2026-12-13,49ers,Rams,49ers,0.0000,,
2026-12-13,Bengals,Chiefs,Bengals,0.0000,,
2026-12-13,Browns,Falcons,Browns,0.0000,,
2026-12-13,Commanders,Texans,Commanders,0.0000,,
2026-12-13,Dolphins,Bears,Dolphins,0.0000,,
2026-12-13,Eagles,Colts,Eagles,0.0000,,
2026-12-13,Jets,Broncos,Jets,0.0000,,
2026-12-13,Lions,Titans,Lions,0.0000,,
2026-12-13,Packers,Bills,Packers,0.0000,,
2026-12-13,Panthers,Saints,Panthers,0.0000,,
2026-12-13,Raiders,Chargers,Raiders,0.0000,,
2026-12-13,Ravens,Buccaneers,Ravens,0.0000,,
2026-12-13,Seahawks,Giants,Seahawks,0.0000,,
2026-12-14,Jaguars,Steelers,Jaguars,0.0000,,
2026-12-17,Chargers,49ers,Chargers,0.0000,,
2026-12-19,Bills,Bears,Bills,0.0000,,
2026-12-19,Eagles,Seahawks,Eagles,0.0000,,
2026-12-20,Buccaneers,Saints,Buccaneers,0.0000,,
2026-12-20,Cardinals,Jets,Cardinals,0.0000,,
2026-12-20,Commanders,Falcons,Commanders,0.0000,,
2026-12-20,Giants,Browns,Giants,0.0000,,
2026-12-20,Packers,Dolphins,Packers,0.0000,,
2026-12-20,Panthers,Bengals,Panthers,0.0000,,
2026-12-20,Raiders,Broncos,Raiders,0.0000,,
2026-12-20,Rams,Cowboys,Rams,0.0000,,
2026-12-20,Steelers,Ravens,Steelers,0.0000,,
2026-12-20,Texans,Jaguars,Texans,0.0000,,
2026-12-20,Titans,Colts,Titans,0.0000,,
2026-12-20,Vikings,Lions,Vikings,0.0000,,
2026-12-21,Chiefs,Patriots,Chiefs,0.0000,,
2026-12-24,Eagles,Texans,Eagles,0.0000,,
2026-12-25,Bears,Packers,Bears,0.0000,,
2026-12-25,Broncos,Bills,Broncos,0.0000,,
2026-12-25,Seahawks,Rams,Seahawks,0.0000,,
2026-12-27,Chiefs,49ers,Chiefs,0.0000,,
2026-12-27,Colts,Bengals,Colts,0.0000,,
2026-12-27,Cowboys,Jaguars,Cowboys,0.0000,,
2026-12-27,Dolphins,Chargers,Dolphins,0.0000,,
2026-12-27,Falcons,Buccaneers,Falcons,0.0000,,
2026-12-27,Jets,Patriots,Jets,0.0000,,
2026-12-27,Raiders,Titans,Raiders,0.0000,,
2026-12-27,Ravens,Browns,Ravens,0.0000,,
2026-12-27,Saints,Cardinals,Saints,0.0000,,
2026-12-27,Steelers,Panthers,Steelers,0.0000,,
2026-12-27,Vikings,Commanders,Vikings,0.0000,,
2026-12-28,Lions,Giants,Lions,0.0000,,
2026-12-31,Bengals,Ravens,Bengals,0.0000,,
2027-01-03,49ers,Eagles,49ers,0.0000,,
2027-01-03,Bears,Lions,Bears,0.0000,,
2027-01-03,Browns,Colts,Browns,0.0000,,
2027-01-03,Buccaneers,Rams,Buccaneers,0.0000,,
2027-01-03,Cardinals,Raiders,Cardinals,0.0000,,
2027-01-03,Chargers,Chiefs,Chargers,0.0000,,
2027-01-03,Cowboys,Giants,Cowboys,0.0000,,
2027-01-03,Dolphins,Bills,Dolphins,0.0000,,
2027-01-03,Falcons,Saints,Falcons,0.0000,,
2027-01-03,Jaguars,Commanders,Jaguars,0.0000,,
2027-01-03,Jets,Vikings,Jets,0.0000,,
2027-01-03,Panthers,Seahawks,Panthers,0.0000,,
2027-01-03,Patriots,Broncos,Patriots,0.0000,,
2027-01-03,Titans,Steelers,Titans,0.0000,,
2027-01-04,Packers,Texans,Packers,0.0000,,
2027-01-10,Bengals,Browns,Bengals,0.0000,,
2027-01-10,Bills,Jets,Bills,0.0000,,
2027-01-10,Broncos,Chargers,Broncos,0.0000,,
2027-01-10,Cardinals,49ers,Cardinals,0.0000,,
2027-01-10,Chiefs,Raiders,Chiefs,0.0000,,
2027-01-10,Colts,Jaguars,Colts,0.0000,,
2027-01-10,Commanders,Cowboys,Commanders,0.0000,,
2027-01-10,Giants,Eagles,Giants,0.0000,,
2027-01-10,Packers,Lions,Packers,0.0000,,
2027-01-10,Panthers,Falcons,Panthers,0.0000,,
2027-01-10,Patriots,Dolphins,Patriots,0.0000,,
2027-01-10,Rams,Seahawks,Rams,0.0000,,
2027-01-10,Ravens,Steelers,Ravens,0.0000,,
2027-01-10,Saints,Buccaneers,Saints,0.0000,,
2027-01-10,Texans,Titans,Texans,0.0000,,
2027-01-10,Vikings,Bears,Vikings,0.0000,,
